{
    "name": "§cLight Deprivation",
    "description": "Weakness when in low light levels.",
    "condition": {
        "type": "origins:in_block",
        "block_condition": {
            "type": "origins:and",
            "conditions": [
                {
                    "type": "origins:light_level",
                    "light_type": "sky",
                    "comparison": "<",
                    "compare_to": 7
                },
                {
                    "type": "origins:light_level",
                    "light_type": "block",
                    "comparison": "<",
                    "compare_to": 7
                }
            ]
        }
    },
    "type": "origins:action_over_time",
    "interval": 1,
    "entity_action": {
        "type": "origins:execute_command",
        "command": "effect give @s weakness 5 1 true"
    }
}