{
    "name": "§aPoison Ivy Vines [Primary]§r",
    "description": "Send out a vine that applies poison to the target.",
    "type": "origins:active_self",
    "entity_action": {
        "type": "origins:raycast",
        "distance": 20,
        "block": true,
        "entity": true,
        "shape_type": "outline",
        "fluid_handling": "none",
        "bientity_action": {
            "type": "origins:target_action",
            "action": {
                "type": "origins:and",
                "actions": [
                    {
                        "type": "origins:execute_command",
                        "command": "effect give @s poison 10 2"
                    },
                    {
                        "type": "origins:damage",
                        "amount": 8,
                        "source": {
                            "name": "magic.player",
                            "bypasses_armor": true,
                            "unblockable": true
                        }
                    }
                ]
            }
        },
        "command_along_ray": "particle minecraft:composter",
        "command_step": 0.1
    },
    "cooldown": 1200,
    "hud_render": {
        "should_render": true,
        "sprite_location": "origins:textures/gui/community/huang/resource_bar_02.png",
        "bar_index": 8
    },
    "key": {
        "key": "key.origins.primary_active"
    }
}