{
    "name": "§aRegrowth§r",
    "description": "Heal when in water.",
    "condition": {
        "type": "origins:or",
        "conditions": [
            {
                "type": "origins:fluid_height",
                "fluid": "minecraft:water",
                "comparison": ">",
                "compare_to": 0
            },
            {
                "type": "origins:in_rain"
            }
        ]
    },
    "type": "origins:action_over_time",
    "interval": 30,
    "entity_action": {
        "type": "origins:heal",
        "amount": 2
    }
}