{
    "name": "§aFlamethrower [Primary]§r",
    "description": "Set target on fire",
    "type": "origins:active_self",
    "entity_action": {
        "type": "origins:raycast",
        "distance": 20,
        "block": true,
        "entity": true,
        "shape_type": "outline",
        "fluid_handling": "any",
        "bientity_action": {
            "type": "origins:target_action",
            "action": {
                "type": "origins:and",
                "actions": [
                    {
                        "type": "origins:set_on_fire",
                        "duration": 10
                    },
                    {
                        "type": "origins:damage",
                        "amount": 8,
                        "source": {
                            "name": "onFire.player",
                            "bypasses_armor": true,
                            "unblockable": true
                        }
                    }
                ]
            }
        },
        "block_action": {
            "type": "origins:execute_command",
            "command": "setblock ~ ~1 ~ fire keep"
        },
        "command_along_ray": "particle minecraft:lava",
        "command_step": 0.1
    },
    "cooldown": 2400,
    "hud_render": {
        "should_render": true,
        "sprite_location": "origins:textures/gui/community/huang/resource_bar_02.png",
        "bar_index": 15
    },
    "key": {
        "key": "key.origins.primary_active"
    }
}