{
    "name": "§aElectrical Discharge [Primary]§r",
    "description": "Shoot out a lightning bolt dealing 4 hearts of damage.",
    "condition": {
        "type": "origins:in_block",
        "block_condition": {
            "type": "origins:height",
            "comparison": ">=",
            "compare_to": 30
        }
    },
    "type": "origins:active_self",
    "entity_action": {
        "type": "origins:if_else",
        "condition": {
            "type": "origins:and",
            "conditions": [
                {
                    "type": "origins:equipped_item",
                    "equipment_slot": "head",
                    "item_condition": {
                        "type": "origins:ingredient",
                        "ingredient": {
                            "item": "minecraft:iron_helmet"
                        }
                    }
                },
                {
                    "type": "origins:equipped_item",
                    "equipment_slot": "chest",
                    "item_condition": {
                        "type": "origins:ingredient",
                        "ingredient": {
                            "item": "minecraft:iron_chestplate"
                        }
                    }
                },
                {
                    "type": "origins:equipped_item",
                    "equipment_slot": "legs",
                    "item_condition": {
                        "type": "origins:ingredient",
                        "ingredient": {
                            "item": "minecraft:iron_leggings"
                        }
                    }
                },
                {
                    "type": "origins:equipped_item",
                    "equipment_slot": "feet",
                    "item_condition": {
                        "type": "origins:ingredient",
                        "ingredient": {
                            "item": "minecraft:iron_boots"
                        }
                    }
                }
            ]
        },
        "if_action": {
            "type": "origins:raycast",
            "distance": 20,
            "block": true,
            "entity": true,
            "shape_type": "outline",
            "fluid_handling": "any",
            "bientity_action": {
                "type": "origins:damage",
                "amount": 14,
                "source": {
                    "name": "lightningBolt.player",
                    "bypasses_armor": true,
                    "unblockable": true
                }
            },
            "command_along_ray": "particle minecraft:electric_spark",
            "command_step": 0.1
        },
        "else_action": {
            "type": "origins:raycast",
            "distance": 20,
            "block": true,
            "entity": true,
            "shape_type": "outline",
            "fluid_handling": "any",
            "bientity_action": {
                "type": "origins:damage",
                "amount": 8,
                "source": {
                    "name": "lightningBolt.player",
                    "bypasses_armor": true,
                    "unblockable": true
                }
            },
            "command_along_ray": "particle minecraft:electric_spark",
            "command_step": 0.1
        }
    },
    "cooldown": 2400,
    "hud_render": {
        "should_render": true,
        "sprite_location": "origins:textures/gui/resource_bar.png",
        "bar_index": 2
    },
    "key": {
        "key": "key.origins.primary_active"
    }
}