{
    "name": "§cElectrical Field",
    "description": "Netherite seems to conflict with your electrical field and therefore cannot be worn.",
    "type": "origins:restrict_armor",
    "head": {
        "type": "origins:ingredient",
        "ingredient": {
            "item": "minecraft:netherite_helmet"
        }
    },
    "chest": {
        "type": "origins:ingredient",
        "ingredient": {
            "item": "minecraft:netherite_chestplate"
        }
    },
    "legs": {
        "type": "origins:ingredient",
        "ingredient": {
            "item": "minecraft:netherite_leggings"
        }
    },
    "feet": {
        "type": "origins:ingredient",
        "ingredient": {
            "item": "minecraft:netherite_boots"
        }
    }
}