{
    "name": "§aIncreased Conductivity§r",
    "description": "When the player is wearing full iron armor they will get resistance and the primary ability deals 7 damage.",
    "condition": {
        "type": "origins:and",
        "conditions": [
            {
                "type": "origins:equipped_item",
                "equipment_slot": "head",
                "item_condition": {
                    "type": "origins:ingredient",
                    "ingredient": {
                        "item": "minecraft:iron_helmet"
                    }
                }
            },
            {
                "type": "origins:equipped_item",
                "equipment_slot": "chest",
                "item_condition": {
                    "type": "origins:ingredient",
                    "ingredient": {
                        "item": "minecraft:iron_chestplate"
                    }
                }
            },
            {
                "type": "origins:equipped_item",
                "equipment_slot": "legs",
                "item_condition": {
                    "type": "origins:ingredient",
                    "ingredient": {
                        "item": "minecraft:iron_leggings"
                    }
                }
            },
            {
                "type": "origins:equipped_item",
                "equipment_slot": "feet",
                "item_condition": {
                    "type": "origins:ingredient",
                    "ingredient": {
                        "item": "minecraft:iron_boots"
                    }
                }
            }
        ]
    },
    "type": "origins:action_over_time",
    "interval": 1,
    "entity_action": {
        "type": "origins:execute_command",
        "command": "effect give @s resistance 2 0 true"
    }
}