{
    "name": "§aFrigid Territory§r",
    "description": "Boosted damage when in cold environments.",
    "condition": {
        "type": "origins:biome",
        "biomes": [
            "snowy_taiga",
            "frozen_river",
            "snowy_beach",
            "snowy_plains",
            "ice_spikes",
            "frozen_ocean",
            "deep_frozen_ocean",
            "cold_ocean",
            "deep_cold_ocean",
            "grove",
            "snowy_slopes",
            "jagged_peaks",
            "frozen_peaks"
        ]
    },
    "type": "origins:action_over_time",
    "interval": 1,
    "entity_action": {
        "type": "origins:execute_command",
        "command": "effect give @s strength 2 1 true"
    }
}