{
    "name": "§aWinter Storm [Primary]§r",
    "description": "Summon a blizzard with a 10 block radius centered on the target. Blizzard will drain health from those inside of it.",
    "type": "origins:multiple",
    "key0": {
        "condition": {
            "inverted": true,
            "type": "origins:dimension",
            "dimension": "minecraft:the_nether"
        },
        "type": "origins:active_self",
        "entity_action": {
            "type": "origins:raycast",
            "distance": 20,
            "block": true,
            "entity": true,
            "shape_type": "outline",
            "fluid_handling": "any",
            "bientity_action": {
                "type": "origins:target_action",
                "action": {
                    "type": "origins:execute_command",
                    "command": "summon area_effect_cloud ~ ~ ~ {Particle:\"snowflake\",NoGravity:0b,CustomNameVisible:0b,Radius:10f,Duration:600,Effects:[{Id:20,Amplifier:1b,Duration:60,ShowParticles:0b}]}"
                }
            },
            "block_action": {
                "type": "origins:execute_command",
                "command": "summon area_effect_cloud ~ ~1 ~ {Particle:\"snowflake\",NoGravity:0b,CustomNameVisible:0b,Radius:10f,Duration:600,Effects:[{Id:20,Amplifier:1b,Duration:60,ShowParticles:0b}]}"
            },
            "command_along_ray": "particle minecraft:snowflake",
            "command_step": 0.1
        },
        "cooldown": 2400,
        "hud_render": {
            "should_render": true,
            "sprite_location": "origins:textures/gui/community/huang/resource_bar_02.png",
            "bar_index": 9
        },
        "key": {
            "key": "key.origins.primary_active"
        }
    },
    "key1": {
        "condition": {
            "inverted": true,
            "type": "origins:dimension",
            "dimension": "minecraft:the_nether"
        },
        "type": "origins:invulnerability",
        "damage_condition": {
            "type": "origins:name",
            "name": "wither"
        }
    }
}