{
    "name": "§aCurrent Control§r",
    "description": "By controlling the current of the water, you boost your swimming speed and mining speed.",
    "condition": {
        "type": "origins:fluid_height",
        "fluid": "minecraft:water",
        "comparison": ">=",
        "compare_to": 1
    },
    "type": "origins:action_over_time",
    "interval": 1,
    "entity_action": {
        "type": "origins:and",
        "actions": [
            {
                "type": "origins:execute_command",
                "command": "effect give @s dolphins_grace 2 0 true"
            },
            {
                "type": "origins:execute_command",
                "command": "effect give @s haste 2 1 true"
            }
        ]
    }
}