{
    "name": "§aTsunami [Primary]§r",
    "description": "Send a tsunami out to push targets away and deal 5 hearts of damage.",
    "type": "origins:active_self",
    "entity_action": {
        "type": "origins:raycast",
        "distance": 20,
        "block": true,
        "entity": true,
        "shape_type": "outline",
        "fluid_handling": "none",
        "bientity_action": {
            "type": "origins:and",
            "actions": [
                {
                    "type": "origins:damage",
                    "amount": 10,
                    "source": {
                        "name": "drown.player",
                        "bypasses_armor": true,
                        "unblockable": true
                    }
                },
                {
                    "type": "origins:add_velocity",
                    "x": 0,
                    "y": 0,
                    "z": 5,
                    "client": true,
                    "server": true
                }
            ]
        },
        "command_at_hit": "particle minecraft:sweep_attack",
        "command_along_ray": "particle minecraft:dolphin",
        "command_step": 0.1
    },
    "cooldown": 1800,
    "hud_render": {
        "should_render": true,
        "sprite_location": "origins:textures/gui/community/huang/resource_bar_02.png",
        "bar_index": 16
    },
    "key": {
        "key": "key.origins.primary_active"
    }
}