{
    "name": "Frostborn Dragonoid",
    "description": "You are a being of icy lineage, your veins pulse with the ancient chill of the frozen wastes. Frost clings to your every breath, and the cold bends to your will.",
    "powers": [
        "dragoncraft:frostborn_wyrmblood/winter_storm",
        "dragoncraft:frostborn_wyrmblood/frigid_territory",
        "dragoncraft:frostborn_wyrmblood/icy_propulsion",
        "dragoncraft:frostborn_wyrmblood/evaporation",
        "dragoncraft:frostborn_wyrmblood/melted",
        "dragoncraft:dragon/dragonaltar",
        "dragoncraft:dragon/humanform",
        "dragoncraft:dragon/dragonianwings1",
        "dragoncraft:"
    ],
    "icon": {
        "item": "icarus:light_blue_dragon_wings"
    },
    "impact": 1
}