{
    "name": "Lunaris Dragonoid",
    "description": "You are a guardian of twilight, a bridge between the earthly and the divine, your presence as enigmatic as the moon herself.",
    "powers": [
        "dragoncraft:lunaris_wyrmblood/crescent_worship",
        "dragoncraft:lunaris_wyrmblood/bloodthirsty_moon",
        "dragoncraft:lunaris_wyrmblood/bouncing_moonlight",
        "dragoncraft:lunaris_wyrmblood/blinding_sun",
        "dragoncraft:lunaris_wyrmblood/conquering_sun",
        "dragoncraft:dragon/dragonaltar",
        "dragoncraft:dragon/humanform",
        "dragoncraft:dragon/dragonianwings4"
    ],
    "icon": {
        "item": "icarus:white_mechanical_feathered_wings"
    },
    "impact": 1
}