{
    "name": "Pyrokin Dragonoid",
    "description": "You are a warmblooded being of fire, your very essence burns with an unquenchable flame.",
    "powers": [
        "dragoncraft:pyrokin_wyrmblood/flamethrower",
        "dragoncraft:pyrokin_wyrmblood/one_with_the_flames",
        "dragoncraft:pyrokin_wyrmblood/flame_transmission",
        "dragoncraft:pyrokin_wyrmblood/hydrophobia",
        "dragoncraft:dragon/dragonaltar",
        "dragoncraft:dragon/humanform",
        "dragoncraft:dragon/dragonianwings2"
    ],
    "icon": {
        "item": "icarus:red_dragon_wings"
    },
    "impact": 1
}