{
    "name": "Solaris Dragonoid",
    "description": "The day bends to your will, its brilliance fueling your strength and vitality. You are a beacon of light as fierce and untouchable as the sun itself. ",
    "powers": [
        "dragoncraft:solaris_wyrmblood/praise_the_sun",
        "dragoncraft:solaris_wyrmblood/blissful_light",
        "dragoncraft:solaris_wyrmblood/bouncing_sunlight",
        "dragoncraft:solaris_wyrmblood/gloomy_moon",
        "dragoncraft:solaris_wyrmblood/tiring_moon",
        "dragoncraft:dragon/dragonaltar",
        "dragoncraft:dragon/humanform",
        "dragoncraft:dragon/dragonianwings5"
    ],
    "icon": {
        "item": "icarus:orange_mechanical_feathered_wings"
    },
    "impact": 1
}