{
    "name": "Stormborn Dragonoid",
    "description": "A combination of thunder and tempest, lightning dances at your whim and the howling winds heed your call. You are a force of nature, untamed and electric. ",
    "powers": [
        "dragoncraft:stormborn_wyrmblood/electrical_discharge",
        "dragoncraft:stormborn_wyrmblood/increased_conductivity",
        "dragoncraft:stormborn_wyrmblood/imbued_with_energy",
        "dragoncraft:stormborn_wyrmblood/grounded",
        "dragoncraft:stormborn_wyrmblood/electrical_field",
        "dragoncraft:dragon/dragonaltar",
        "dragoncraft:dragon/humanform",
        "dragoncraft:dragon/dragonianwings3"
    ],
    "icon": {
        "item": "icarus:gray_dragon_wings"
    },
    "impact": 1
}