{
    "name": "Tidemarked Dragonoid",
    "description": "You are a force of relentless strength, as unpredictable and as the waves, forever bound to water. ",
    "powers": [
        "dragoncraft:tidemarked_wyrmblood/tsunami",
        "dragoncraft:tidemarked_wyrmblood/current_control",
        "dragoncraft:tidemarked_wyrmblood/drying_out",
        "dragoncraft:tidemarked_wyrmblood/dried_out",
        "dragoncraft:dragon/dragonaltar",
        "dragoncraft:dragon/humanform",
        "dragoncraft:dragon/dragonianwings7"
    ],
    "icon": {
        "item": "icarus:blue_feathered_wings"
    },
    "impact": 1
}