{
    "name": "Verdant Dragonoid",
    "description": "The forests flourish under your touch, You are a force of growth and renewal, as enduring and untamed as the ancient groves, a symbol of boundless vitality. ",
    "powers": [
        "dragoncraft:verdant_wyrmblood/poison_ivy_vines",
        "dragoncraft:verdant_wyrmblood/plant_caretaker",
        "dragoncraft:verdant_wyrmblood/regrowth",
        "dragoncraft:verdant_wyrmblood/flammable",
        "dragoncraft:verdant_wyrmblood/light_deprivation",
        "dragoncraft:dragon/dragonaltar",
        "dragoncraft:dragon/humanform",
        "dragoncraft:dragon/dragonianwings6"
    ],
    "icon": {
        "item": "icarus:lime_feathered_wings"
    },
    "impact": 1
}