{
    "name": "Dragon Altar",
    "description": "Making sure to not touch anything",
    "hidden": true,
    "type": "origins:multiple",
    "key0": {
        "type": "origins:prevent_block_use",
        "block_condition": {
            "type": "origins:or",
            "conditions": [
                {
                    "type": "origins:block",
                    "block": "dragonsurvival:dragon_altar_birch_log"
                },
                {
                    "type": "origins:block",
                    "block": "dragonsurvival:dragon_altar_blackstone"
                },
                {
                    "type": "origins:block",
                    "block": "dragonsurvival:dragon_altar_mossy_cobblestone"
                },
                {
                    "type": "origins:block",
                    "block": "dragonsurvival:dragon_altar_nether_bricks"
                },
                {
                    "type": "origins:block",
                    "block": "dragonsurvival:dragon_altar_oak_log"
                },
                {
                    "type": "origins:block",
                    "block": "dragonsurvival:dragon_altar_purpur_block"
                },
                {
                    "type": "origins:block",
                    "block": "dragonsurvival:dragon_altar_red_sandstone"
                },
                {
                    "type": "origins:block",
                    "block": "dragonsurvival:dragon_altar_sandstone"
                },
                {
                    "type": "origins:block",
                    "block": "dragonsurvival:dragon_altar_stone"
                }
            ]
        }
    }
}