{
    "name": "§aCrescent Worship [Primary]§r",
    "description": "Heal and get boosted attack speed for 30 seconds.",
    "condition": {
        "inverted": true,
        "type": "origins:daytime"
    },
    "type": "origins:active_self",
    "entity_action": {
        "type": "origins:and",
        "actions": [
            {
                "type": "origins:execute_command",
                "command": "effect give @s haste 30 1 true"
            },
            {
                "type": "origins:heal",
                "amount": 20
            }
        ]
    },
    "cooldown": 2400,
    "hud_render": {
        "should_render": true,
        "sprite_location": "origins:textures/gui/community/huang/resource_bar_02.png",
        "bar_index": 17
    },
    "key": {
        "key": "key.origins.primary_active"
    }
}