{
    "name": "§aPraise the Sun§r",
    "description": "Heal and gain resistance as well as regeneration for 10 seconds.",
    "condition": {
        "type": "origins:daytime"
    },
    "type": "origins:active_self",
    "entity_action": {
        "type": "origins:and",
        "actions": [
            {
                "type": "origins:heal",
                "amount": 20
            },
            {
                "type": "origins:execute_command",
                "command": "effect give @s resistance 10 2 true"
            },
            {
                "type": "origins:execute_command",
                "command": "effect give @s regeneration 10 1 true"
            }
        ]
    },
    "cooldown": 2400,
    "hud_render": {
        "should_render": true,
        "sprite_location": "origins:textures/gui/community/spiderkolo/resource_bar_01.png",
        "bar_index": 0
    },
    "key": {
        "key": "key.origins.primary_active"
    }
}