{
    "name": "Enchriched Blood",
    "description": "Through the years you have forged yourself into the strongest variant of yourself making you faster, stronger and healthier.",
    "type": "origins:multiple",
    "godlike_strength": {
        "type": "origins:attribute",
        "modifier": {
            "attribute": "minecraft:generic.attack_damage",
            "operation": "addition",
            "value": 1
        },
        "update_health": true
    },
    "godlike_strength_low_health": {
        "condition": {
            "type": "origins:health",
            "comparison": "<",
            "compare_to": 20
        },
        "type": "origins:conditioned_attribute",
        "modifier": {
            "attribute": "minecraft:generic.attack_damage",
            "operation": "addition",
            "value": 1
        },
        "tick_rate": 20,
        "update_health": true
    },
    "godlike_strength_critical_health": {
        "condition": {
            "type": "origins:health",
            "comparison": "<",
            "compare_to": 10
        },
        "type": "origins:conditioned_attribute",
        "modifier": {
            "attribute": "minecraft:generic.attack_damage",
            "operation": "addition",
            "value": 1
        },
        "tick_rate": 20,
        "update_health": true
    },
    "godlike_agility": {
        "type": "origins:attribute",
        "modifier": {
            "attribute": "minecraft:generic.movement_speed",
            "operation": "addition",
            "value": 0.04
        },
        "update_health": true
    },
    "godlike_constitution": {
        "type": "origins:attribute",
        "modifier": {
            "attribute": "minecraft:generic.max_health",
            "operation": "addition",
            "value": 8
        },
        "update_health": true
    },
    "natural_regeneration": {
        "condition": {
            "inverted": true,
            "type": "origins:power",
            "power": "demi:empowered",
            "source": "lastchance"
        },
        "type": "origins:conditioned_attribute",
        "modifier": {
            "attribute": "minecraft:generic.regeneration",
            "operation": "multiply_base",
            "value": 0.5
        },
        "tick_rate": 20,
        "update_health": true
    },
    "natural_regeneration_divine": {
        "condition": {
            "type": "origins:power",
            "power": "demi:empowered",
            "source": "lastchance"
        },
        "type": "origins:conditioned_attribute",
        "modifier": {
            "attribute": "minecraft:generic.regeneration",
            "operation": "multiply_base",
            "value": 1
        },
        "tick_rate": 20,
        "update_health": true
    }
}